,folds,test_auc,val_auc,test_acc,val_acc
0,0,0.994431079878014,0.9971563138718563,0.9400749063670412,0.9655172413793104
