,folds,test_auc,val_auc,test_acc,val_acc
0,0,0.9606606606606606,0.9538449059052564,0.885286783042394,0.8571428571428572
