,folds,test_auc,val_auc,test_acc,val_acc
0,0,0.9972534237493607,0.9960677152759264,0.9756554307116105,0.9898580121703854
