,folds,test_auc,val_auc,test_acc,val_acc
0,0,0.9589089089089089,0.9591174561972745,0.8628428927680798,0.8831168831168831
