,folds,test_auc,val_auc,test_acc,val_acc
0,0,0.940065065065065,0.9542504866969501,0.8802992518703242,0.8831168831168831
