,folds,test_auc,val_auc,test_acc,val_acc
0,0,0.9755259768140833,1.0,0.961038961038961,0.9875
