,folds,test_auc,val_auc,test_acc,val_acc
0,0,0.974667239158437,1.0,0.9805194805194806,0.99375
