,folds,test_auc,val_auc,test_acc,val_acc
0,0,0.9928967855586914,0.995812227850351,0.9737827715355806,0.9898580121703854
