,folds,test_auc,val_auc,test_acc,val_acc
0,0,0.9896951481322456,0.9955207166853304,0.961038961038961,0.9875
