slide_id,label,tissue_type,slide_block,dx,process,status,seg_level,sthresh,mthresh,close,use_otsu,a_t,a_h,max_n_holes,vis_level,line_thickness,use_padding,contour_fn,x1,x2,y1,y2,total_bag_size,pred_label,Pred_0,p_0,Pred_1,p_1,total_time,init_time,patch_feat_time,heatmap_time,feat_collect_time,infer_time,n_roi
BD2020_00015981,primary,FS,BS-19-D14867_B1,ACA,1,tbp,-1,0,1,2,False,2.0,1.0,2,-1,15,True,four_pt,,,,,64.0,primary,normal,0.002255663275718689,primary,0.9977443218231201,1.8462905883789062,0.0775526762008667,0.5264068841934204,0.31013429164886475,0.0032432079315185547,0.002588987350463867,2.0
BD2020_00015983,normal,FS,BS-19-M15032_A1,Organizing pneumonia,1,tbp,-1,0,1,2,False,2.0,1.0,2,-1,15,True,four_pt,,,,,66.0,normal,normal,0.9638698101043701,primary,0.036130160093307495,1.882969617843628,0.07423806190490723,0.5534417629241943,0.3075309991836548,0.003824472427368164,0.0017428398132324219,2.0
BD2020_00015987,primary,FS,BS-19-N15478_A1,SCC,1,tbp,-1,0,1,2,False,2.0,1.0,2,-1,15,True,four_pt,,,,,69.0,primary,normal,4.8909041652223095e-06,primary,0.9999951124191284,1.8148441314697266,0.07062304019927979,0.5161328315734863,0.3144608736038208,0.0038225650787353516,0.0018436908721923828,2.0
BD2020_00016171,primary,FS,BS-19-W38773_A1,ACA,1,tbp,-1,0,1,2,False,2.0,1.0,2,-1,15,True,four_pt,,,,,137.0,primary,normal,0.002567837480455637,primary,0.9974321722984314,3.6060945987701416,0.07999098300933838,0.5182594656944275,0.2998706102371216,0.005591630935668945,0.001425027847290039,4.0
