slide_id,label,tissue_type,slide_block,dx,process,status,seg_level,sthresh,mthresh,close,use_otsu,a_t,a_h,max_n_holes,vis_level,line_thickness,use_padding,contour_fn,x1,x2,y1,y2,total_bag_size,pred_label,Pred_0,p_0,Pred_1,p_1,total_time,init_time,patch_feat_time,heatmap_time,feat_collect_time,infer_time,n_roi
BD2020_00015981,primary,FS,BS-19-D14867_B1,ACA,1,tbp,-1,0,1,2,False,2.0,1.0,2,-1,15,True,four_pt,,,,,64.0,primary,normal,0.0013772707898169756,primary,0.9986227750778198,1.8693327903747559,0.07695162296295166,0.5476528406143188,0.29843759536743164,0.004746198654174805,0.003794431686401367,2.0
BD2020_00015983,normal,FS,BS-19-M15032_A1,Organizing pneumonia,1,tbp,-1,0,1,2,False,2.0,1.0,2,-1,15,True,four_pt,,,,,66.0,normal,normal,0.029238715767860413,primary,0.970761239528656,1.8429808616638184,0.07217574119567871,0.5458948612213135,0.2991269826889038,0.0023131370544433594,0.0012087821960449219,2.0
BD2020_00015987,primary,FS,BS-19-N15478_A1,SCC,1,tbp,-1,0,1,2,False,2.0,1.0,2,-1,15,True,four_pt,,,,,69.0,primary,normal,0.001222362625412643,primary,0.9987776875495911,1.9491121768951416,0.07221901416778564,0.5916010141372681,0.30452585220336914,0.003630399703979492,0.0015463829040527344,2.0
BD2020_00016171,primary,FS,BS-19-W38773_A1,ACA,1,tbp,-1,0,1,2,False,2.0,1.0,2,-1,15,True,four_pt,,,,,137.0,primary,normal,0.000922499573789537,primary,0.9990774393081665,3.7459118366241455,0.0755157470703125,0.5537134408950806,0.304653525352478,0.00418400764465332,0.0011250972747802734,4.0
