slide_id,label,tissue_type,slide_block,dx,process,status,seg_level,sthresh,mthresh,close,use_otsu,a_t,a_h,max_n_holes,vis_level,line_thickness,use_padding,contour_fn,x1,x2,y1,y2,total_bag_size,pred_label,Pred_0,p_0,Pred_1,p_1,total_time,init_time,patch_feat_time,heatmap_time,feat_collect_time,infer_time,n_roi
BD2020_00015981,primary,FS,BS-19-D14867_B1,ACA,1,tbp,-1,0,1,2,False,2.0,1.0,2,-1,15,True,four_pt,,,,,64.0,primary,normal,3.9909230054036016e-07,primary,0.9999996423721313,1.8447487354278564,0.07969081401824951,0.5313018560409546,0.3014709949493408,0.003238677978515625,0.002721548080444336,2.0
BD2020_00015983,normal,FS,BS-19-M15032_A1,Organizing pneumonia,1,tbp,-1,0,1,2,False,2.0,1.0,2,-1,15,True,four_pt,,,,,66.0,normal,normal,6.122781633166596e-05,primary,0.9999387264251709,1.8313260078430176,0.07336127758026123,0.5094324350357056,0.3280315399169922,0.0024428367614746094,0.00130462646484375,2.0
BD2020_00015987,primary,FS,BS-19-N15478_A1,SCC,1,tbp,-1,0,1,2,False,2.0,1.0,2,-1,15,True,four_pt,,,,,69.0,primary,normal,1.6280746422125958e-06,primary,0.9999983310699463,1.8237669467926025,0.0703662633895874,0.5193895101547241,0.3166983127593994,0.0028769969940185547,0.0014216899871826172,2.0
BD2020_00016171,primary,FS,BS-19-W38773_A1,ACA,1,tbp,-1,0,1,2,False,2.0,1.0,2,-1,15,True,four_pt,,,,,137.0,primary,normal,5.667664737529776e-08,primary,1.0,3.6034605503082275,0.07048356533050537,0.5213861465454102,0.3057973384857178,0.0054781436920166016,0.0013735294342041016,4.0
